,BTC,ETH,BNB,SOL,XRP
BTC,0.9999796571293316,0.7838869701282912,0.6523271992882437,0.7355094630336328,0.6266517002936461
ETH,0.7838869701282912,0.999995235399512,0.6223996816609129,0.7609288582420274,0.6528091261601492
BNB,0.6523271992882437,0.6223996816609129,0.9999698433963506,0.6259055053195947,0.5531533490475362
SOL,0.7355094630336328,0.7609288582420274,0.6259055053195947,0.9999941885348588,0.661872944403908
XRP,0.6266517002936461,0.6528091261601492,0.5531533490475362,0.661872944403908,0.9999867550098807
