,BTC,ETH,BNB,SOL,XRP
BTC,4.778923212596329e-16,-41.30435719854927,-9.6997911759209,24.06355554816954,79.20660137236557
ETH,41.304357198549276,-3.4199451102246273e-15,-25.09769049360041,56.1626700463951,87.01863667809647
BNB,9.699791175920895,25.097690493600428,-1.8005433060114144e-15,69.61220131491658,89.02492846741569
SOL,-24.063555548169546,-56.1626700463951,-69.61220131491658,2.2313480197312202e-17,20.451400950364814
XRP,-79.20660137236557,-87.01863667809647,-89.02492846741566,-20.451400950364825,-5.8591937677039775e-15
