,BTC,ETH,BNB,SOL,XRP
BTC,2.037566480915402e-16,9.97246465876831,14.485752110394802,0.2959085304918598,13.49123768044466
ETH,-9.97246465876831,2.4764265541313837e-16,2.8115696380352255,-9.437198851853328,3.7965875649114498
BNB,-14.485752110394804,-2.8115696380352255,2.847994867462857e-16,-12.918394453681428,0.5098034320375648
SOL,-0.29590853049186083,9.437198851853328,12.918394453681426,-1.3709092655812829e-16,9.057882731657578
XRP,-13.491237680444664,-3.7965875649114476,-0.5098034320375658,-9.05788273165758,-7.926935088561746e-18
