,BTC,ETH,BNB,SOL,XRP
BTC,0.9999789540335426,0.7824142692853203,0.6158805918929774,0.6727075424015637,0.6082526486408797
ETH,0.7824142692853203,0.9999929841128402,0.5990238946046736,0.7012244080358793,0.6110302487920464
BNB,0.6158805918929774,0.5990238946046736,0.9999481860691058,0.5829741412086243,0.5027179659244847
SOL,0.6727075424015637,0.7012244080358793,0.5829741412086243,0.9999930256611627,0.5853733229167536
XRP,0.6082526486408797,0.6110302487920464,0.5027179659244847,0.5853733229167536,0.9999831681927749
