,BTC,ETH,BNB,SOL,XRP
BTC,0.999982302999475,0.7449190522508377,0.6012615521117828,0.6641433658143711,0.585396817689483
ETH,0.7449190522508377,0.999994090738831,0.5801482331893427,0.6645720014333127,0.5776318165472112
BNB,0.6012615521117828,0.5801482331893427,0.999959169350335,0.5621600862885954,0.4866103989970466
SOL,0.6641433658143711,0.6645720014333127,0.5621600862885954,0.9999944637479277,0.5657097598244032
XRP,0.585396817689483,0.5776318165472112,0.4866103989970466,0.5657097598244032,0.9999863427140703
