,BTC,ETH,BNB,SOL,XRP
BTC,-2.4060286449746657e-17,-0.7005750444103231,0.16483329539646235,-0.1434515086615043,0.8758628714683704
ETH,0.7005750444103228,-1.860037619100628e-17,0.3104011480570634,0.02144271342622507,0.6859224178979763
BNB,-0.16483329539646263,-0.3104011480570633,-1.7146467617075245e-17,0.38791942437379107,0.841183926151598
SOL,0.1434515086615041,-0.021442713426224978,-0.3879194243737911,-1.657429416571541e-17,1.2980243904735942
XRP,-0.8758628714683708,-0.6859224178979764,-0.8411839261515978,-1.2980243904735944,-5.246109183833275e-18
