leader,lagger,delay_sec,coherence
XRP,SOL,153.1837260581483,0.8495134274659897
