,XRP,SOL
XRP,2.8907575597848285e-14,153.1837260581483
SOL,-153.18372605814824,-9.921049240678e-15
