,XRP,SOL
XRP,0.9981430415318236,0.8495134274659897
SOL,0.8495134274659897,0.9994130222534949
