leader,lagger,delay_sec,coherence
XRP,SOL,1.4513043387904605,0.7087412521006698
