,XRP,SOL
XRP,0.9985390811009721,0.7087412521006698
SOL,0.7087412521006698,0.999211544921713
