,XRP,SOL
XRP,-2.5056589091127372e-16,1.4513043387904605
SOL,-1.4513043387904667,-8.597593362229386e-16
