,XRP,SOL
XRP,0.9987691262470363,0.6404964716829994
SOL,0.6404964716829994,0.9992884175229918
