,XRP,SOL
XRP,-3.313418783150786e-17,-1.066543352107026
SOL,1.0665433521070269,-8.80415226859729e-17
