leader,lagger,delay_sec,coherence
SOL,XRP,1.066543352107026,0.6404964716829994
