,BTC,ETH,BNB,SOL,XRP
BTC,0.9982061434711947,0.8469966430520441,0.7689032083417698,0.7414993639297043,0.6039122860857377
ETH,0.8469966430520441,0.9993335307193437,0.7952974671026392,0.7502658159826212,0.5704194208896096
BNB,0.7689032083417698,0.7952974671026392,0.998054280255084,0.712127057738186,0.694736557989147
SOL,0.7414993639297043,0.7502658159826212,0.712127057738186,0.9996940609213166,0.548484460542519
XRP,0.6039122860857377,0.5704194208896096,0.694736557989147,0.548484460542519,0.9994689096729408
