,BTC,ETH,BNB,SOL,XRP
BTC,-2.9716284837823025e-15,-47.20123022031918,-56.162866361974196,-47.14073039339759,-33.59308308994935
ETH,47.20123022031918,3.0805592222708784e-15,30.475517211102673,33.425121521717074,108.9315394984402
BNB,56.1628663619742,-30.475517211102662,-6.35677335994233e-16,-35.86060557991629,51.840827240823096
SOL,47.140730393397554,-33.42512152171707,35.86060557991629,5.4481734186192754e-15,189.54412038434523
XRP,33.593083089949324,-108.9315394984402,-51.840827240823096,-189.5441203843453,5.834655092951533e-16
