,BTC,ETH,BNB,SOL,XRP
BTC,0.9985725033163244,0.8092615485659554,0.6769562011709133,0.6938454826317986,0.5703244205429989
ETH,0.8092615485659554,0.9995160071209648,0.7241574110871362,0.6936090869425353,0.5895380401759873
BNB,0.6769562011709133,0.7241574110871362,0.9979795943808302,0.6320345795467428,0.5407288599156153
SOL,0.6938454826317986,0.6936090869425353,0.6320345795467428,0.9996544058526896,0.5772460942829001
XRP,0.5703244205429989,0.5895380401759873,0.5407288599156153,0.5772460942829001,0.9996147960035916
