,BTC,ETH,BNB,SOL,XRP
BTC,-1.0371919233975105e-17,-7.152143319335925,18.3897857253094,-1.2858952597963809,6.260550041212104
ETH,7.152143319335925,-3.5909212959163027e-16,20.5981058968627,4.181881659599633,3.2868706249447452
BNB,-18.38978572530941,-20.5981058968627,-3.503135009816675e-16,-23.6592080041382,-20.23729679482413
SOL,1.2858952597963806,-4.181881659599633,23.659208004138193,-2.525608999186159e-16,6.5958239447179405
XRP,-6.260550041212107,-3.2868706249447435,20.23729679482413,-6.595823944717939,-1.1190001544293855e-16
