,BTC,ETH,BNB,SOL,XRP
BTC,-1.9277823680591343e-17,-1.1472328255712878,2.2707715704389915,-0.07793728599625065,-1.7659130303361112
ETH,1.1472328255712883,1.3977727590775494e-17,2.5745232137193734,1.7091367193938247,-1.3074125169037343
BNB,-2.270771570438992,-2.5745232137193734,-1.0041208291067656e-16,-1.3768676952784664,-4.855326550403481
SOL,0.07793728599625076,-1.7091367193938247,1.376867695278468,-5.121721821999453e-18,-3.097194479135518
XRP,1.7659130303361108,1.3074125169037345,4.855326550403481,3.0971944791355193,-3.274559138198892e-17
