,BTC,ETH,BNB,SOL,XRP
BTC,0.998779643620693,0.7883003455057681,0.6303328974803201,0.6822185392390498,0.4810406545297582
ETH,0.7883003455057681,0.999571967641586,0.6955301918413928,0.6829804805026477,0.5054074700337082
BNB,0.6303328974803201,0.6955301918413928,0.9982878870319355,0.6119200226531812,0.46018411721452773
SOL,0.6822185392390498,0.6829804805026477,0.6119200226531812,0.9996978240457252,0.5112333973965139
XRP,0.4810406545297582,0.5054074700337082,0.46018411721452773,0.5112333973965139,0.9997166958427562
