,BTC,ETH,BNB,SOL,XRP
BTC,-1.0000311385536357e-17,-0.1341135647568086,-0.003805737008492763,-0.08297880558695213,0.2470699791968244
ETH,0.13411356475680858,1.516104270135544e-17,-0.012735931028677627,-0.04715556716501675,0.18489659239644096
BNB,0.003805737008492595,0.012735931028677608,-4.720775396716476e-18,0.07579201513215389,0.33549460913281476
SOL,0.08297880558695207,0.04715556716501668,-0.07579201513215403,-3.3226258089399264e-18,0.2976788351307088
XRP,-0.24706997919682466,-0.18489659239644107,-0.3354946091328146,-0.2976788351307089,1.888425029528386e-17
