,BTC,ETH,BNB,SOL,XRP
BTC,0.9999715965377285,0.7525317881046597,0.5782609830902902,0.6300985439017568,0.5692286825281939
ETH,0.7525317881046597,0.9999894107322986,0.5753955852252732,0.6483390964190501,0.5736529744272427
BNB,0.5782609830902902,0.5753955852252732,0.9999365897239164,0.5415937268710147,0.4696228353706037
SOL,0.6300985439017568,0.6483390964190501,0.5415937268710147,0.9999914769858007,0.5417148982755737
XRP,0.5692286825281939,0.5736529744272427,0.4696228353706037,0.5417148982755737,0.9999785209257225
