,BTC,ETH,BNB,SOL,XRP
BTC,0.9999663681909062,0.7838606647072887,0.5736486754742671,0.63963093472365,0.5825565836451793
ETH,0.7838606647072887,0.9999871201751106,0.5867632545330558,0.6859223902377191,0.5946135011610185
BNB,0.5736486754742671,0.5867632545330558,0.9999221015218576,0.5555840507560567,0.47683992714419804
SOL,0.63963093472365,0.6859223902377191,0.5555840507560567,0.9999896195880752,0.5597770825727002
XRP,0.5825565836451793,0.5946135011610185,0.47683992714419804,0.5597770825727002,0.9999750170568334
