,BTC,ETH,BNB,SOL,XRP
BTC,2.462662104530041e-16,4.328507646795912,13.239008618875411,-2.4737359452341408,11.297466788549604
ETH,-4.32850764679591,4.2001326757272213e-16,8.27944238665221,-4.928154466115299,5.394199830593318
BNB,-13.239008618875408,-8.279442386652216,3.4057362290222683e-16,-14.878885591296232,-1.830957554261681
SOL,2.4737359452341403,4.928154466115302,14.878885591296237,1.0330466116997689e-16,8.240624962888871
XRP,-11.297466788549608,-5.394199830593318,1.8309575542616865,-8.240624962888875,-6.013467433927376e-17
