,BTC,ETH,BNB,SOL,XRP
BTC,0.9999709941225734,0.755314821762881,0.5779246017146785,0.6313149310754695,0.5699532575124956
ETH,0.755314821762881,0.9999892045078344,0.5761673967860376,0.6521956393346294,0.5756222558386053
BNB,0.5779246017146785,0.5761673967860376,0.9999354140842468,0.5425324973770834,0.4707433006781808
SOL,0.6313149310754695,0.6521956393346294,0.5425324973770834,0.9999912894469284,0.5441908918306061
XRP,0.5699532575124956,0.5756222558386053,0.4707433006781808,0.5441908918306061,0.9999782190940516
