,BTC,ETH,BNB,SOL,XRP
BTC,-1.310046219819985e-18,-0.004833255986524486,0.008760496346921491,-0.006343014279231273,0.015136124080621106
ETH,0.004833255986524479,-7.2942918440672005e-19,0.008359663916112583,-0.003376567246690813,0.013223125137643718
BNB,-0.008760496346921493,-0.008359663916112583,-1.5282633577752847e-18,-0.009163363582219884,0.008293011477394321
SOL,0.006343014279231292,0.003376567246690805,0.009163363582219884,1.274086573858535e-18,0.014541072577494435
XRP,-0.01513612408062107,-0.013223125137643702,-0.008293011477394327,-0.014541072577494369,2.990771450486759e-19
